CUSIP,SEDOL_GIM,DESC1_GIM,S_CALCODE_GIM,ID_CUSIP_BB,ID_SEDOL1_BB,SECURITY_DES_BB,DAY_CNT_BB,CUSIP_GIM,ID_CUSIP_BB,DISCP_COMMENTS,DESC1_GIM,SECURITY_DES_BB,DISCP_COMMENTS,SEDOL_GIM,ID_SEDOL1_BB,DISCP_COMMENTS,ISIN_GIM,ID_ISIN_BB,DISCP_COMMENTS,EUROCLEAR_GIM,ID_EUROCLEAR_BB,DISCP_COMMENTS,TICKER_GIM,TICKER_BB,DISCP_COMMENTS,COUNTRY_GIM,COUNTRY_ISO_BB,DISCP_COMMENTS,STATE_GIM,STATE_CODE_BB,DISCP_COMMENTS,PAY_CUR_GIM,CPN_CRNCY_BB,DISCP_COMMENTS,FST_DATE_GIM,FIRST_CPN_DT_BB,DISCP_COMMENTS,LST_DATE_GIM,PENULTIMATE_CPN_DT_BB,DISCP_COMMENTS,MAT_DATE_GIM,MATURITY_BB,DISCP_COMMENTS,ISSDATE_GIM,ISSUE_DT_BB,DISCP_COMMENTS,CNV_SNK_GIM,CONVERTIBLE_BB,DISCP_COMMENTS,FREQ_GIM,CPN_FREQ_BB,DISCP_COMMENTS,PAY_CURR_GIM,CRNCY_BB,DISCP_COMMENTS,BETA_GIM,EQY_BETA_BB,DISCP_COMMENTS,EXCHANGE_GIM,EQY_PRIM_EXCH_SHRT_BB,DISCP_COMMENTS,SHR_OUT_GIM,EQY_SH_OUT_REAL_BB,DISCP_COMMENTS,S_CALCODE_GIM,DAY_CNT_BB,DISCP_COMMENTS,EARN_12_GIM,IS_EPS_BB,DISCP_COMMENTS,ORG_PRICE_GIM,ISSUE_PX_BB,DISCP_COMMENTS,SECTOR_GIM,GICS_SECTOR_BB,DISCP_COMMENTS,INDUSTRY_GIM,GICS_INDUSTRY_BB,DISCP_COMMENTS,SUB INDUSTRY_GIM,GICS_SUB_INDUSTRY_BB,DISCP_COMMENTS,S_DELAY_GIM,MTG_PAY_DELAY_BB,DISCP_COMMENTS,POOL_NO_GIM,MTG_POOL_NUMBER_BB,DISCP_COMMENTS,SHR_OUT_1_GIM,AMT_OUTSTANDING_BB,DISCP_COMMENTS,AMT_FLG_GIM,MUNI_MIN_TAX_BB,DISCP_COMMENTS,CALPRC_GIM,OPT_STRIKE_PX_BB,DISCP_COMMENTS,TAX_STATUS_GIM,MUNI_FED_TAX_BB,DISCP_COMMENTS,MARGIN_GIM,IS_STK_MARGINABLE_BB,DISCP_COMMENTS,FLAG_13F_GIM,SEC_RESTRICT_BB,DISCP_COMMENTS,U_SYMBOL_GIM,UNDERLYING_CUSIP_BB,DISCP_COMMENTS,INC_RATE_FI_GIM,CPN_BB,DISCP_COMMENTS,INC_RATE_EQ_GIM,EQY_IND_DPS_ANNUAL_NET_BB,DISCP_COMMENTS,OPT_EXPIRE_DT_GIM,OPT_EXPIRE_DT_BB,DISCP_COMMENTS,WRT_EXPIRE_DT_GIM,WRT_EXPIRE_DT_BB,DISCP_COMMENTS
956553TD3,,WV STATE GO,901,956553TD3, ,956553TD3,29,956553TD3,956553TD3,MATCHING,WV STATE GO,956553TD3,MISMATCH,,,MATCHING,US956553TD32,US956553TD32,MATCHING,,,MATCHING,,WVS,MISMATCH,US,US,MATCHING,,WV,MISMATCH,USD,,MISMATCH,6/1/2005,6/1/2005,MATCHING,12/31/1899,12/1/2012,MISMATCH,6/1/2013,6/1/2013,MATCHING,5/26/2005,5/26/2005,MATCHING,0,,MISMATCH,2,2,MATCHING,USD,USD,MATCHING,0,,MISMATCH,OTC,,MISMATCH,0,,MISMATCH,901,29,MISMATCH,0,,MISMATCH,110.771,110.771,MATCHING,0,,MISMATCH,0,,MISMATCH,0,,MISMATCH,0,,MISMATCH,,,MATCHING,0,23665000,MISMATCH,N,N,MATCHING,0,,MISMATCH,T,N,MISMATCH,Y,,MISMATCH,Y,,MISMATCH,,,MATCHING,5,5,MATCHING,,,MATCHING,,,MATCHING,,,MATCHING
828807CG0,B64YB06,SIMON PROPERTY GROUP L.P.,901,828807CG0,B64YB06,SPG 4 1/8 12/01/21,5,828807CG0,828807CG0,MATCHING,SIMON PROPERTY GROUP L.P.,SPG 4 1/8 12/01/21,MISMATCH,B64YB06,B64YB06,MATCHING,US828807CG09,US828807CG09,MATCHING,,,MATCHING,,SPG,MISMATCH,US,US,MATCHING,,,MATCHING,USD,USD,MATCHING,6/1/2012,6/1/2012,MATCHING,12/31/1899,6/1/2021,MISMATCH,12/1/2021,12/1/2021,MATCHING,11/16/2011,11/16/2011,MATCHING,0,N,MISMATCH,2,2,MATCHING,USD,USD,MATCHING,0,,MISMATCH,OTC,,MISMATCH,0,,MISMATCH,901,5,MISMATCH,0,N.A.,MISMATCH,99.689,99.689,MATCHING,0,,MISMATCH,0,,MISMATCH,0,,MISMATCH,0,,MISMATCH,,,MATCHING,0,700000000,MISMATCH,N,,MISMATCH,0,,MISMATCH,T,,MISMATCH,Y,,MISMATCH,Y,,MISMATCH,,,MATCHING,4.125,4.125,MATCHING,,,MATCHING,,,MATCHING,,,MATCHING
24422ERL5,,JOHN DEERE CAPITAL CORP,901,24422ERL5,B7956K6,DE 2 01/13/17,5,24422ERL5,24422ERL5,MATCHING,JOHN DEERE CAPITAL CORP,DE 2 01/13/17,MISMATCH,,B7956K6,MISMATCH,US24422ERL55,US24422ERL55,MATCHING,,,MATCHING,,DE,MISMATCH,US,US,MATCHING,,,MATCHING,USD,USD,MATCHING,7/13/2012,7/13/2012,MATCHING,12/31/1899,7/13/2016,MISMATCH,1/13/2017,1/13/2017,MATCHING,12/2/2011,12/2/2011,MATCHING,0,N,MISMATCH,2,2,MATCHING,USD,USD,MATCHING,0,,MISMATCH,OTC,,MISMATCH,0,,MISMATCH,901,5,MISMATCH,0,N.A.,MISMATCH,99.887,99.887,MATCHING,0,40,MISMATCH,0,402020,MISMATCH,0,40202010,MISMATCH,0,,MISMATCH,,,MATCHING,0,500000000,MISMATCH,N,,MISMATCH,0,,MISMATCH,T,,MISMATCH,Y,,MISMATCH,Y,,MISMATCH,,,MATCHING,2,2,MATCHING,,,MATCHING,,,MATCHING,,,MATCHING
3138EHG71,,FNMA 15YR,601,3138EHG71, ,FN AL1121,104,3138EHG71,3138EHG71,MATCHING,FNMA 15YR,FN AL1121,MISMATCH,,,MATCHING,US3138EHG715,US3138EHG715,MATCHING,,,MATCHING,,FN,MISMATCH,US,US,MATCHING,,,MATCHING,USD,,MISMATCH,12/1/2011,12/25/2011,MISMATCH,12/31/1899,,MISMATCH,12/1/2026,12/1/2026,MATCHING,11/1/2011,11/1/2011,MATCHING,0,,MISMATCH,12,12,MATCHING,USD,USD,MATCHING,0,N.A.,MISMATCH,OTC,,MISMATCH,0,,MISMATCH,601,104,MISMATCH,0,,MISMATCH,100,,MISMATCH,0,,MISMATCH,0,,MISMATCH,0,,MISMATCH,24,24,MATCHING,AL1121,AL1121,MATCHING,0,216975238.4,MISMATCH,N,,MISMATCH,0,,MISMATCH,T,,MISMATCH,Y,,MISMATCH,Y,,MISMATCH,,,MATCHING,3.5,3.5,MATCHING,,,MATCHING,,,MATCHING,,,MATCHING
92343VBE3,B73YQP4,VERIZON COMMUNICATIONS INC,901,92343VBE3,B73YQP4,VZ 4 3/4 11/01/41,5,92343VBE3,92343VBE3,MATCHING,VERIZON COMMUNICATIONS INC,VZ 4 3/4 11/01/41,MISMATCH,B73YQP4,B73YQP4,MATCHING,US92343VBE39,US92343VBE39,MATCHING,,,MATCHING,,VZ,MISMATCH,US,US,MATCHING,,,MATCHING,USD,USD,MATCHING,5/1/2012,5/1/2012,MATCHING,12/31/1899,5/1/2041,MISMATCH,11/1/2041,11/1/2041,MATCHING,11/3/2011,11/3/2011,MATCHING,0,N,MISMATCH,2,2,MATCHING,USD,USD,MATCHING,0,,MISMATCH,OTC,,MISMATCH,0,,MISMATCH,901,5,MISMATCH,0,0.9,MISMATCH,100,99.068,MISMATCH,0,50,MISMATCH,0,501010,MISMATCH,0,50101020,MISMATCH,0,,MISMATCH,,,MATCHING,0,750000000,MISMATCH,N,,MISMATCH,0,,MISMATCH,T,,MISMATCH,Y,,MISMATCH,Y,,MISMATCH,,,MATCHING,4.75,4.75,MATCHING,,,MATCHING,,,MATCHING,,,MATCHING
755111BV2,,RAYTHEON COMPANY,901,755111BV2,B76QW15,RTN 1.4 12/15/14,5,755111BV2,755111BV2,MATCHING,RAYTHEON COMPANY,RTN 1.4 12/15/14,MISMATCH,,B76QW15,MISMATCH,US755111BV23,US755111BV23,MATCHING,,,MATCHING,,RTN,MISMATCH,US,US,MATCHING,,,MATCHING,USD,USD,MATCHING,6/15/2012,6/15/2012,MATCHING,12/31/1899,6/15/2014,MISMATCH,12/15/2014,12/15/2014,MATCHING,12/6/2011,12/6/2011,MATCHING,0,N,MISMATCH,2,2,MATCHING,USD,USD,MATCHING,0,,MISMATCH,OTC,,MISMATCH,0,,MISMATCH,901,5,MISMATCH,0,4.94,MISMATCH,99.879,99.879,MATCHING,0,20,MISMATCH,0,201010,MISMATCH,0,20101010,MISMATCH,0,,MISMATCH,,,MATCHING,0,575000000,MISMATCH,N,,MISMATCH,0,,MISMATCH,T,,MISMATCH,Y,,MISMATCH,Y,,MISMATCH,,,MATCHING,1.4,1.4,MATCHING,,,MATCHING,,,MATCHING,,,MATCHING
47009WAA9,,PHARMACEUTICAL PRODUCT DEV INC,901,47009WAA9,B5MBLD5,PPDI 9 1/2 12/01/19,5,47009WAA9,47009WAA9,MATCHING,PHARMACEUTICAL PRODUCT DEV INC,PPDI 9 1/2 12/01/19,MISMATCH,,B5MBLD5,MISMATCH,US47009WAA99,US47009WAA99,MATCHING,,,MATCHING,,PPDI,MISMATCH,US,US,MATCHING,,,MATCHING,USD,USD,MATCHING,6/1/2012,6/1/2012,MATCHING,12/31/1899,6/1/2019,MISMATCH,12/1/2019,12/1/2019,MATCHING,12/5/2011,12/5/2011,MATCHING,0,N,MISMATCH,2,2,MATCHING,USD,USD,MATCHING,0,,MISMATCH,OTC,,MISMATCH,0,,MISMATCH,901,5,MISMATCH,0,,MISMATCH,100,100,MATCHING,0,,MISMATCH,0,,MISMATCH,0,,MISMATCH,0,,MISMATCH,,,MATCHING,0,575000000,MISMATCH,N,,MISMATCH,0,,MISMATCH,T,,MISMATCH,Y,,MISMATCH,Y,,MISMATCH,,,MATCHING,9.5,9.5,MATCHING,,,MATCHING,,,MATCHING,,,MATCHING
31394NZH4,,FHLMC_2737,601,31394NZH4, ,FHR 2737 YC,104,31394NZH4,31394NZH4,MATCHING,FHLMC_2737,FHR 2737 YC,MISMATCH,,,MATCHING,US31394NZH42,US31394NZH42,MATCHING,,,MATCHING,,FHR,MISMATCH,US,US,MATCHING,,,MATCHING,USD,,MISMATCH,2/1/2004,2/15/2004,MISMATCH,12/31/1899,,MISMATCH,2/15/2029,2/15/2029,MATCHING,1/1/2004,1/1/2004,MATCHING,0,,MISMATCH,12,12,MATCHING,USD,USD,MATCHING,0,N.A.,MISMATCH,OTC,,MISMATCH,0,,MISMATCH,601,104,MISMATCH,0,,MISMATCH,100,,MISMATCH,0,,MISMATCH,0,,MISMATCH,0,,MISMATCH,14,14,MATCHING,,,MATCHING,0,3888986.1,MISMATCH,N,,MISMATCH,0,,MISMATCH,T,,MISMATCH,Y,,MISMATCH,Y,,MISMATCH,,,MATCHING,5,5,MATCHING,,,MATCHING,,,MATCHING,,,MATCHING
29264FAJ5,B6TB8H8,ENDO PHARMACEUTICALS HOLDINGS,901,29264FAJ5,B6TB8H8,ENDP 7 1/4 01/15/22,5,29264FAJ5,29264FAJ5,MATCHING,ENDO PHARMACEUTICALS HOLDINGS,ENDP 7 1/4 01/15/22,MISMATCH,B6TB8H8,B6TB8H8,MATCHING,US29264FAJ57,US29264FAJ57,MATCHING,,,MATCHING,,ENDP,MISMATCH,US,US,MATCHING,,,MATCHING,USD,USD,MATCHING,1/15/2012,1/15/2012,MATCHING,12/31/1899,7/15/2021,MISMATCH,1/15/2022,1/15/2022,MATCHING,6/8/2011,11/30/2011,MISMATCH,0,N,MISMATCH,2,2,MATCHING,USD,USD,MATCHING,0,,MISMATCH,OTC,,MISMATCH,0,,MISMATCH,901,5,MISMATCH,0,2.23,MISMATCH,100,,MISMATCH,0,35,MISMATCH,0,352020,MISMATCH,0,35202010,MISMATCH,0,,MISMATCH,,,MATCHING,0,400000000,MISMATCH,N,,MISMATCH,0,,MISMATCH,T,,MISMATCH,Y,,MISMATCH,Y,,MISMATCH,,,MATCHING,7.25,7.25,MATCHING,,,MATCHING,,,MATCHING,,,MATCHING
75115AAD3,,RALI_06-QS8,601,75115AAD3, ,RALI 2006-QS8 A4,104,75115AAD3,75115AAD3,MATCHING,RALI_06-QS8,RALI 2006-QS8 A4,MISMATCH,,,MATCHING,US75115AAD37,US75115AAD37,MATCHING,,,MATCHING,,RALI,MISMATCH,US,US,MATCHING,,,MATCHING,USD,,MISMATCH,8/25/2006,8/25/2006,MATCHING,12/31/1899,,MISMATCH,8/25/2036,8/25/2036,MATCHING,7/25/2006,7/25/2006,MATCHING,0,,MISMATCH,12,12,MATCHING,USD,USD,MATCHING,0,N.A.,MISMATCH,OTC,,MISMATCH,0,,MISMATCH,601,104,MISMATCH,0,,MISMATCH,100,,MISMATCH,0,,MISMATCH,0,,MISMATCH,0,,MISMATCH,0,0,MATCHING,,,MATCHING,0,54381852.64,MISMATCH,N,,MISMATCH,0,,MISMATCH,T,,MISMATCH,Y,,MISMATCH,Y,,MISMATCH,,,MATCHING,0.70722,0.70722,MATCHING,,,MATCHING,,,MATCHING,,,MATCHING
041042RC8,,AR STATE GO,901,041042RC8, ,041042RC8,29,041042RC8,041042RC8,MATCHING,AR STATE GO,041042RC8,MISMATCH,,,MATCHING,US041042RC84,US041042RC84,MATCHING,,,MATCHING,,ARS,MISMATCH,US,US,MATCHING,,AR,MISMATCH,USD,,MISMATCH,2/1/2011,2/1/2011,MATCHING,12/31/1899,2/1/2013,MISMATCH,8/1/2013,8/1/2013,MATCHING,6/1/2010,6/1/2010,MATCHING,0,,MISMATCH,2,2,MATCHING,USD,USD,MATCHING,0,,MISMATCH,OTC,,MISMATCH,0,,MISMATCH,901,29,MISMATCH,0,,MISMATCH,108.735,108.735,MATCHING,0,,MISMATCH,0,,MISMATCH,0,,MISMATCH,0,,MISMATCH,,,MATCHING,0,38960000,MISMATCH,N,N,MATCHING,0,,MISMATCH,T,N,MISMATCH,Y,,MISMATCH,Y,,MISMATCH,,,MATCHING,4,4,MATCHING,,,MATCHING,,,MATCHING,,,MATCHING
32051GZ73,,FHABS_06-HE1,601,32051GZ73,B128ZN6,FHABS 2006-HE1 A,102,32051GZ73,32051GZ73,MATCHING,FHABS_06-HE1,FHABS 2006-HE1 A,MISMATCH,,B128ZN6,MISMATCH,US32051GZ736,US32051GZ736,MATCHING,,,MATCHING,,FHABS,MISMATCH,US,US,MATCHING,,,MATCHING,USD,,MISMATCH,4/25/2006,4/25/2006,MATCHING,12/31/1899,,MISMATCH,10/25/2034,10/25/2034,MATCHING,3/30/2006,3/30/2006,MATCHING,0,,MISMATCH,12,12,MATCHING,USD,USD,MATCHING,0,N.A.,MISMATCH,OTC,,MISMATCH,0,,MISMATCH,601,102,MISMATCH,0,,MISMATCH,100,100,MATCHING,0,,MISMATCH,0,,MISMATCH,0,,MISMATCH,0,0,MATCHING,,,MATCHING,0,120151292.4,MISMATCH,N,,MISMATCH,0,,MISMATCH,T,,MISMATCH,Y,,MISMATCH,Y,,MISMATCH,,,MATCHING,0.41722,0.41722,MATCHING,,,MATCHING,,,MATCHING,,,MATCHING
419791WG9,,HI STATE GO,901,419791WG9, ,419791WG9,29,419791WG9,419791WG9,MATCHING,HI STATE GO,419791WG9,MISMATCH,,,MATCHING,US419791WG92,US419791WG92,MATCHING,,,MATCHING,,HIS,MISMATCH,US,US,MATCHING,,HI,MISMATCH,USD,,MISMATCH,5/1/2010,5/1/2010,MATCHING,12/31/1899,5/1/2013,MISMATCH,11/1/2013,11/1/2013,MATCHING,11/24/2009,11/24/2009,MATCHING,0,,MISMATCH,2,2,MATCHING,USD,USD,MATCHING,0,,MISMATCH,OTC,,MISMATCH,0,,MISMATCH,901,29,MISMATCH,0,,MISMATCH,111.782,111.782,MATCHING,0,,MISMATCH,0,,MISMATCH,0,,MISMATCH,0,,MISMATCH,,,MATCHING,0,15175000,MISMATCH,N,N,MATCHING,0,,MISMATCH,T,N,MISMATCH,Y,,MISMATCH,Y,,MISMATCH,,,MATCHING,5,5,MATCHING,,,MATCHING,,,MATCHING,,,MATCHING
251510HU0,,DBALT_05-5,601,251510HU0, ,DBALT 2005-5 2A1,104,251510HU0,251510HU0,MATCHING,DBALT_05-5,DBALT 2005-5 2A1,MISMATCH,,,MATCHING,US251510HU09,US251510HU09,MATCHING,,,MATCHING,,DBALT,MISMATCH,US,US,MATCHING,,,MATCHING,USD,,MISMATCH,11/25/2005,11/25/2005,MATCHING,12/31/1899,,MISMATCH,11/25/2035,11/25/2035,MATCHING,10/25/2005,10/25/2005,MATCHING,0,,MISMATCH,12,12,MATCHING,USD,USD,MATCHING,0,N.A.,MISMATCH,OTC,,MISMATCH,0,,MISMATCH,601,104,MISMATCH,0,,MISMATCH,100,,MISMATCH,0,,MISMATCH,0,,MISMATCH,0,,MISMATCH,0,0,MATCHING,,,MATCHING,0,38084076.19,MISMATCH,N,,MISMATCH,0,,MISMATCH,T,,MISMATCH,Y,,MISMATCH,Y,,MISMATCH,,,MATCHING,0.45722,0.45722,MATCHING,,,MATCHING,,,MATCHING,,,MATCHING
125509BS7,B5VD4V1,CIGNA CORPORATION,901,125509BS7,B5VD4V1,CI 4 02/15/22,5,125509BS7,125509BS7,MATCHING,CIGNA CORPORATION,CI 4 02/15/22,MISMATCH,B5VD4V1,B5VD4V1,MATCHING,US125509BS73,US125509BS73,MATCHING,,,MATCHING,,CI,MISMATCH,US,US,MATCHING,,,MATCHING,USD,USD,MATCHING,2/15/2012,2/15/2012,MATCHING,12/31/1899,8/15/2021,MISMATCH,2/15/2022,2/15/2022,MATCHING,11/10/2011,11/10/2011,MATCHING,0,N,MISMATCH,2,2,MATCHING,USD,USD,MATCHING,0,,MISMATCH,OTC,,MISMATCH,0,,MISMATCH,901,5,MISMATCH,0,4.93,MISMATCH,99.042,99.042,MATCHING,0,35,MISMATCH,0,351020,MISMATCH,0,35102030,MISMATCH,0,,MISMATCH,,,MATCHING,0,750000000,MISMATCH,N,,MISMATCH,0,,MISMATCH,T,,MISMATCH,Y,,MISMATCH,Y,,MISMATCH,,,MATCHING,4,4,MATCHING,,,MATCHING,,,MATCHING,,,MATCHING
31396HAN9,,FHLMC_R005,601,31396HAN9, ,FHRR R005 AB,104,31396HAN9,31396HAN9,MATCHING,FHLMC_R005,FHRR R005 AB,MISMATCH,,,MATCHING,US31396HAN98,US31396HAN98,MATCHING,,,MATCHING,,FHRR,MISMATCH,US,US,MATCHING,,,MATCHING,USD,,MISMATCH,3/1/2006,3/15/2006,MISMATCH,12/1/2018,,MISMATCH,12/15/2018,12/15/2018,MATCHING,2/1/2006,2/1/2006,MATCHING,0,,MISMATCH,12,12,MATCHING,USD,USD,MATCHING,0,N.A.,MISMATCH,OTC,,MISMATCH,0,,MISMATCH,601,104,MISMATCH,0,,MISMATCH,100,,MISMATCH,0,,MISMATCH,0,,MISMATCH,0,,MISMATCH,14,14,MATCHING,,,MATCHING,0,251483388.8,MISMATCH,N,,MISMATCH,0,,MISMATCH,T,,MISMATCH,Y,,MISMATCH,Y,,MISMATCH,,,MATCHING,5.5,5.5,MATCHING,,,MATCHING,,,MATCHING,,,MATCHING
36112J107,B66QPT7,FUSION-IO INC,1,36112J107,B66QPT7,FIO, ,36112J107,36112J107,MATCHING,FUSION-IO INC,FIO,MISMATCH,B66QPT7,B66QPT7,MATCHING,US36112J1079,US36112J1079,MATCHING,,,MATCHING,FIO,FIO,MATCHING,US,US,MATCHING,,UT,MISMATCH,USD,,MISMATCH,12/31/1899,,MISMATCH,12/31/1899,,MISMATCH,12/31/1899,,MISMATCH,12/31/1899,,MISMATCH,0,,MISMATCH,1,,MISMATCH,USD,USD,MATCHING,0,N.A.,MISMATCH,NYS,UN,MISMATCH,86276674,86276674,MATCHING,1,,MISMATCH,0,0.27,MISMATCH,19,,MISMATCH,45,45,MATCHING,452020,452020,MATCHING,45202020,45202020,MATCHING,0,,MISMATCH,,,MATCHING,86276674,,MISMATCH,N,,MISMATCH,0,,MISMATCH,T,,MISMATCH,Y,N.A.,MISMATCH,Y,0,MISMATCH,,,MATCHING,,,MATCHING,0,,MISMATCH,,,MATCHING,,,MATCHING
37733W105,2374112,GLAXOSMITHKLINE PLC-SPON ADR,1,37733W105,2374112,GSK, ,37733W105,37733W105,MATCHING,GLAXOSMITHKLINE PLC-SPON ADR,GSK,MISMATCH,2374112,2374112,MATCHING,US37733W1053,US37733W1053,MATCHING,,,MATCHING,GSK,GSK,MATCHING,GB,GB,MATCHING,,,MATCHING,USD,,MISMATCH,12/31/1899,,MISMATCH,12/31/1899,,MISMATCH,12/31/1899,,MISMATCH,12/31/1899,,MISMATCH,0,,MISMATCH,1,,MISMATCH,USD,USD,MATCHING,0,0.722,MISMATCH,NYS,UN,MISMATCH,2523630730,2523630730,MATCHING,1,,MISMATCH,0,,MISMATCH,0,,MISMATCH,35,35,MATCHING,352020,352020,MATCHING,35202010,35202010,MATCHING,0,,MISMATCH,,,MATCHING,2523630730,,MISMATCH,N,,MISMATCH,0,,MISMATCH,T,,MISMATCH,Y,N.A.,MISMATCH,N,0,MISMATCH,,,MATCHING,,,MATCHING,0,2.172,MISMATCH,,,MATCHING,,,MATCHING
3135G0FY4,,FANNIE MAE,501,3135G0FY4,B55MC76,FNMA 0 3/4 12/19/14,5,3135G0FY4,3135G0FY4,MATCHING,FANNIE MAE,FNMA 0 3/4 12/19/14,MISMATCH,,B55MC76,MISMATCH,US3135G0FY40,US3135G0FY40,MATCHING,,,MATCHING,,FNMA,MISMATCH,US,US,MATCHING,,,MATCHING,USD,USD,MATCHING,12/19/2011,12/19/2011,MATCHING,12/31/1899,6/19/2014,MISMATCH,12/19/2014,12/19/2014,MATCHING,11/17/2011,11/17/2011,MATCHING,0,N,MISMATCH,2,2,MATCHING,USD,USD,MATCHING,0,,MISMATCH,OTC,,MISMATCH,0,,MISMATCH,501,5,MISMATCH,0,-3.81,MISMATCH,99.997,99.997,MATCHING,0,40,MISMATCH,0,401020,MISMATCH,0,40102010,MISMATCH,0,,MISMATCH,,,MATCHING,0,5000000000,MISMATCH,N,,MISMATCH,0,,MISMATCH,T,,MISMATCH,Y,,MISMATCH,Y,,MISMATCH,,,MATCHING,0.75,0.75,MATCHING,,,MATCHING,,,MATCHING,,,MATCHING
786514BT5,,SAFEWAY INC,901,786514BT5,B73P0T9,SWY 3.4 12/01/16,5,786514BT5,786514BT5,MATCHING,SAFEWAY INC,SWY 3.4 12/01/16,MISMATCH,,B73P0T9,MISMATCH,US786514BT58,US786514BT58,MATCHING,,,MATCHING,,SWY,MISMATCH,US,US,MATCHING,,,MATCHING,USD,USD,MATCHING,6/1/2012,6/1/2012,MATCHING,12/31/1899,6/1/2016,MISMATCH,12/1/2016,12/1/2016,MATCHING,12/5/2011,12/5/2011,MATCHING,0,N,MISMATCH,2,2,MATCHING,USD,USD,MATCHING,0,,MISMATCH,OTC,,MISMATCH,0,,MISMATCH,901,5,MISMATCH,0,1.56,MISMATCH,99.946,99.946,MATCHING,0,30,MISMATCH,0,301010,MISMATCH,0,30101030,MISMATCH,0,,MISMATCH,,,MATCHING,0,400000000,MISMATCH,N,,MISMATCH,0,,MISMATCH,T,,MISMATCH,Y,,MISMATCH,Y,,MISMATCH,,,MATCHING,3.4,3.4,MATCHING,,,MATCHING,,,MATCHING,,,MATCHING
786514BU2,,SAFEWAY INC,901,786514BU2,B78S811,SWY 4 3/4 12/01/21,5,786514BU2,786514BU2,MATCHING,SAFEWAY INC,SWY 4 3/4 12/01/21,MISMATCH,,B78S811,MISMATCH,US786514BU22,US786514BU22,MATCHING,,,MATCHING,,SWY,MISMATCH,US,US,MATCHING,,,MATCHING,USD,USD,MATCHING,6/1/2012,6/1/2012,MATCHING,12/31/1899,6/1/2021,MISMATCH,12/1/2021,12/1/2021,MATCHING,12/5/2011,12/5/2011,MATCHING,0,N,MISMATCH,2,2,MATCHING,USD,USD,MATCHING,0,,MISMATCH,OTC,,MISMATCH,0,,MISMATCH,901,5,MISMATCH,0,1.56,MISMATCH,99.749,99.749,MATCHING,0,30,MISMATCH,0,301010,MISMATCH,0,30101030,MISMATCH,0,,MISMATCH,,,MATCHING,0,400000000,MISMATCH,N,,MISMATCH,0,,MISMATCH,T,,MISMATCH,Y,,MISMATCH,Y,,MISMATCH,,,MATCHING,4.75,4.75,MATCHING,,,MATCHING,,,MATCHING,,,MATCHING
25746UBC2,B29Q303,DOMINION RESOURCES INC,901,25746UBC2,B29Q303,D 6 11/30/17,14,25746UBC2,25746UBC2,MATCHING,DOMINION RESOURCES INC,D 6 11/30/17,MISMATCH,B29Q303,B29Q303,MATCHING,US25746UBC27,US25746UBC27,MATCHING,,,MATCHING,,D,MISMATCH,US,US,MATCHING,,,MATCHING,USD,USD,MATCHING,5/30/2008,5/30/2008,MATCHING,12/31/1899,5/30/2017,MISMATCH,11/30/2017,11/30/2017,MATCHING,12/4/2007,12/4/2007,MATCHING,0,N,MISMATCH,2,2,MATCHING,USD,USD,MATCHING,0,,MISMATCH,OTC,,MISMATCH,0,,MISMATCH,901,14,MISMATCH,0,4.77,MISMATCH,100,99.719,MISMATCH,0,55,MISMATCH,0,551030,MISMATCH,0,55103010,MISMATCH,0,,MISMATCH,,,MATCHING,0,350000000,MISMATCH,N,,MISMATCH,0,,MISMATCH,T,,MISMATCH,Y,,MISMATCH,Y,,MISMATCH,,,MATCHING,6,6,MATCHING,,,MATCHING,,,MATCHING,,,MATCHING
979035AL6,,OR CITY OF WOODBURN WASTE WATE,901,979035AL6, ,979035AL6,29,979035AL6,979035AL6,MATCHING,OR CITY OF WOODBURN WASTE WATE,979035AL6,MISMATCH,,,MATCHING,US979035AL66,US979035AL66,MATCHING,,,MATCHING,,WOOUTL,MISMATCH,US,US,MATCHING,,OR,MISMATCH,USD,,MISMATCH,3/1/2012,3/1/2012,MATCHING,12/31/1899,9/1/2021,MISMATCH,3/1/2022,3/1/2022,MATCHING,12/6/2011,12/6/2011,MATCHING,0,,MISMATCH,2,2,MATCHING,USD,USD,MATCHING,0,,MISMATCH,OTC,,MISMATCH,0,,MISMATCH,901,29,MISMATCH,0,,MISMATCH,115.98,115.98,MATCHING,0,,MISMATCH,0,,MISMATCH,0,,MISMATCH,0,,MISMATCH,,,MATCHING,0,4870000,MISMATCH,N,N,MATCHING,0,,MISMATCH,T,N,MISMATCH,Y,,MISMATCH,Y,,MISMATCH,,,MATCHING,5,5,MATCHING,,,MATCHING,,,MATCHING,,,MATCHING
748940AD5,,RALI_06-QS7,601,748940AD5, ,RALI 2006-QS7 A4,104,748940AD5,748940AD5,MATCHING,RALI_06-QS7,RALI 2006-QS7 A4,MISMATCH,,,MATCHING,US748940AD51,US748940AD51,MATCHING,,,MATCHING,,RALI,MISMATCH,US,US,MATCHING,,,MATCHING,USD,,MISMATCH,7/25/2006,7/25/2006,MATCHING,12/31/1899,,MISMATCH,6/25/2036,6/25/2036,MATCHING,6/25/2006,6/25/2006,MATCHING,0,,MISMATCH,12,12,MATCHING,USD,USD,MATCHING,0,N.A.,MISMATCH,OTC,,MISMATCH,0,,MISMATCH,601,104,MISMATCH,0,,MISMATCH,100,,MISMATCH,0,,MISMATCH,0,,MISMATCH,0,,MISMATCH,0,0,MATCHING,,,MATCHING,0,23978242.25,MISMATCH,N,,MISMATCH,0,,MISMATCH,T,,MISMATCH,Y,,MISMATCH,Y,,MISMATCH,,,MATCHING,0.65722,0.65722,MATCHING,,,MATCHING,,,MATCHING,,,MATCHING
67021BAE9,,NII CAPITAL CORP,901,67021BAE9,B5N12D1,NIHD 7 5/8 04/01/21,5,67021BAE9,67021BAE9,MATCHING,NII CAPITAL CORP,NIHD 7 5/8 04/01/21,MISMATCH,,B5N12D1,MISMATCH,US67021BAE92,US67021BAE92,MATCHING,,,MATCHING,,NIHD,MISMATCH,US,US,MATCHING,,,MATCHING,USD,USD,MATCHING,10/1/2011,10/1/2011,MATCHING,12/31/1899,10/1/2020,MISMATCH,4/1/2021,4/1/2021,MATCHING,3/29/2011,3/29/2011,MATCHING,0,N,MISMATCH,2,2,MATCHING,USD,USD,MATCHING,0,,MISMATCH,OTC,,MISMATCH,0,,MISMATCH,901,5,MISMATCH,0,2.03,MISMATCH,100,100,MATCHING,0,,MISMATCH,0,,MISMATCH,0,,MISMATCH,0,,MISMATCH,,,MATCHING,0,1450000000,MISMATCH,N,,MISMATCH,0,,MISMATCH,T,,MISMATCH,Y,,MISMATCH,Y,,MISMATCH,,,MATCHING,7.625,7.625,MATCHING,,,MATCHING,,,MATCHING,,,MATCHING
92818FAB1,,VA ST PUB SCH MONTGOMERY CNTY,901,92818FAB1, ,92818FAB1,29,92818FAB1,92818FAB1,MATCHING,VA ST PUB SCH MONTGOMERY CNTY,92818FAB1,MISMATCH,,,MATCHING,US92818FAB13,US92818FAB13,MATCHING,,,MATCHING,,VASSCD,MISMATCH,US,US,MATCHING,,VA,MISMATCH,USD,,MISMATCH,7/15/2012,7/15/2012,MATCHING,12/31/1899,7/15/2013,MISMATCH,1/15/2014,1/15/2014,MATCHING,12/6/2011,12/6/2011,MATCHING,0,,MISMATCH,2,2,MATCHING,USD,USD,MATCHING,0,,MISMATCH,OTC,,MISMATCH,0,,MISMATCH,901,29,MISMATCH,0,,MISMATCH,109.181,109.181,MATCHING,0,,MISMATCH,0,,MISMATCH,0,,MISMATCH,0,,MISMATCH,,,MATCHING,0,1780000,MISMATCH,N,N,MATCHING,0,,MISMATCH,T,N,MISMATCH,Y,,MISMATCH,Y,,MISMATCH,,,MATCHING,5,5,MATCHING,,,MATCHING,,,MATCHING,,,MATCHING
58401AAG5,,NC MECKLENBURG CNTY APPROP,901,58401AAG5, ,58401AAG5,29,58401AAG5,58401AAG5,MATCHING,NC MECKLENBURG CNTY APPROP,58401AAG5,MISMATCH,,,MATCHING,US58401AAG58,US58401AAG58,MATCHING,,,MATCHING,,MECFAC,MISMATCH,US,US,MATCHING,,NC,MISMATCH,USD,,MISMATCH,3/1/2010,3/1/2010,MATCHING,12/31/1899,9/1/2012,MISMATCH,3/1/2013,3/1/2013,MATCHING,9/3/2009,9/3/2009,MATCHING,0,,MISMATCH,2,2,MATCHING,USD,USD,MATCHING,0,,MISMATCH,OTC,,MISMATCH,0,,MISMATCH,901,29,MISMATCH,0,,MISMATCH,111.582,111.582,MATCHING,0,,MISMATCH,0,,MISMATCH,0,,MISMATCH,0,,MISMATCH,,,MATCHING,0,12255000,MISMATCH,N,N,MATCHING,0,,MISMATCH,T,N,MISMATCH,Y,,MISMATCH,Y,,MISMATCH,,,MATCHING,5,5,MATCHING,,,MATCHING,,,MATCHING,,,MATCHING
00206RAX0,,AT&T INC,901,00206RAX0,B662KC3,T 4.45 05/15/21,5,00206RAX0,00206RAX0,MATCHING,AT&T INC,T 4.45 05/15/21,MISMATCH,,B662KC3,MISMATCH,US00206RAX08,US00206RAX08,MATCHING,,,MATCHING,,T,MISMATCH,US,US,MATCHING,,,MATCHING,USD,USD,MATCHING,11/15/2011,11/15/2011,MATCHING,12/31/1899,11/15/2020,MISMATCH,5/15/2021,5/15/2021,MATCHING,4/29/2011,4/29/2011,MATCHING,0,N,MISMATCH,2,2,MATCHING,USD,USD,MATCHING,0,,MISMATCH,OTC,,MISMATCH,0,,MISMATCH,901,5,MISMATCH,0,3.36,MISMATCH,99.925,99.925,MATCHING,0,50,MISMATCH,0,501010,MISMATCH,0,50101020,MISMATCH,0,,MISMATCH,,,MATCHING,0,1250000000,MISMATCH,N,,MISMATCH,0,,MISMATCH,T,,MISMATCH,Y,,MISMATCH,Y,,MISMATCH,,,MATCHING,4.45,4.45,MATCHING,,,MATCHING,,,MATCHING,,,MATCHING
021468AB9,,CWALT_06-14CB,601,021468AB9, ,CWALT 2006-14CB A2,104,021468AB9,021468AB9,MATCHING,CWALT_06-14CB,CWALT 2006-14CB A2,MISMATCH,,,MATCHING,US021468AB99,US021468AB99,MATCHING,,,MATCHING,,CWALT,MISMATCH,US,US,MATCHING,,,MATCHING,USD,,MISMATCH,5/25/2006,5/25/2006,MATCHING,12/31/1899,,MISMATCH,6/25/2036,6/25/2036,MATCHING,4/25/2006,4/25/2006,MATCHING,0,,MISMATCH,12,12,MATCHING,USD,USD,MATCHING,0,N.A.,MISMATCH,OTC,,MISMATCH,0,,MISMATCH,601,104,MISMATCH,0,,MISMATCH,100,,MISMATCH,0,,MISMATCH,0,,MISMATCH,0,,MISMATCH,0,0,MATCHING,,,MATCHING,0,28018990.95,MISMATCH,N,,MISMATCH,0,,MISMATCH,T,,MISMATCH,Y,,MISMATCH,Y,,MISMATCH,,,MATCHING,0.65722,0.65722,MATCHING,,,MATCHING,,,MATCHING,,,MATCHING
112900105,2126197,BROOKFIELD OFFICE PROPERTIES,1,112900105,2126197,BPO, ,112900105,112900105,MATCHING,BROOKFIELD OFFICE PROPERTIES,BPO,MISMATCH,2126197,2126197,MATCHING,,CA1129001055,MISMATCH,,,MATCHING,BPO,BPO,MATCHING,CA,US,MISMATCH,,NY,MISMATCH,USD,,MISMATCH,12/31/1899,,MISMATCH,12/31/1899,,MISMATCH,12/31/1899,,MISMATCH,12/31/1899,,MISMATCH,0,,MISMATCH,1,,MISMATCH,USD,USD,MATCHING,0,1.138,MISMATCH,NYS,UN,MISMATCH,503129577,503129577,MATCHING,1,,MISMATCH,0,3.02,MISMATCH,0,,MISMATCH,40,40,MATCHING,404030,404030,MATCHING,40403020,40403020,MATCHING,0,,MISMATCH,,,MATCHING,503129577,,MISMATCH,N,,MISMATCH,0,,MISMATCH,T,,MISMATCH,Y,N.A.,MISMATCH,Y,0,MISMATCH,,,MATCHING,,,MATCHING,0,0.56,MISMATCH,,,MATCHING,,,MATCHING
25151AAB7,,DBALT_06-AR3,601,25151AAB7, ,DBALT 2006-AR3 A2,102,25151AAB7,25151AAB7,MATCHING,DBALT_06-AR3,DBALT 2006-AR3 A2,MISMATCH,,,MATCHING,US25151AAB70,US25151AAB70,MATCHING,,,MATCHING,,DBALT,MISMATCH,US,US,MATCHING,,,MATCHING,USD,,MISMATCH,8/25/2006,8/25/2006,MATCHING,12/31/1899,,MISMATCH,8/25/2036,8/25/2036,MATCHING,7/31/2006,7/31/2006,MATCHING,0,,MISMATCH,12,12,MATCHING,USD,USD,MATCHING,0,N.A.,MISMATCH,OTC,,MISMATCH,0,,MISMATCH,601,102,MISMATCH,0,,MISMATCH,100,,MISMATCH,0,,MISMATCH,0,,MISMATCH,0,,MISMATCH,0,0,MATCHING,,,MATCHING,0,123381628.7,MISMATCH,N,,MISMATCH,0,,MISMATCH,T,,MISMATCH,Y,,MISMATCH,Y,,MISMATCH,,,MATCHING,0.37722,0.37722,MATCHING,,,MATCHING,,,MATCHING,,,MATCHING
36186LAC7,,GMACM_07-HE2,601,36186LAC7,B23WM44,GMACM 2007-HE2 A3,104,36186LAC7,36186LAC7,MATCHING,GMACM_07-HE2,GMACM 2007-HE2 A3,MISMATCH,,B23WM44,MISMATCH,US36186LAC72,US36186LAC72,MATCHING,,,MATCHING,,GMACM,MISMATCH,US,US,MATCHING,,,MATCHING,USD,,MISMATCH,7/1/2007,7/25/2007,MISMATCH,12/31/1899,,MISMATCH,12/25/2037,12/25/2037,MATCHING,6/1/2007,6/1/2007,MATCHING,0,,MISMATCH,12,12,MATCHING,USD,USD,MATCHING,0,N.A.,MISMATCH,OTC,,MISMATCH,0,,MISMATCH,601,104,MISMATCH,0,,MISMATCH,100,,MISMATCH,0,,MISMATCH,0,,MISMATCH,0,,MISMATCH,24,24,MATCHING,,,MATCHING,0,141085459.9,MISMATCH,N,,MISMATCH,0,,MISMATCH,T,,MISMATCH,Y,,MISMATCH,Y,,MISMATCH,,,MATCHING,6.193,6.193,MATCHING,,,MATCHING,,,MATCHING,,,MATCHING
19668QEC5,,CO ST SCHS COP,901,19668QEC5, ,19668QEC5,29,19668QEC5,19668QEC5,MATCHING,CO ST SCHS COP,19668QEC5,MISMATCH,,,MATCHING,US19668QEC50,US19668QEC50,MATCHING,,,MATCHING,,COSEDU,MISMATCH,US,US,MATCHING,,CO,MISMATCH,USD,,MISMATCH,3/15/2012,3/15/2012,MATCHING,12/31/1899,9/15/2012,MISMATCH,3/15/2013,3/15/2013,MATCHING,12/8/2011,12/8/2011,MATCHING,0,,MISMATCH,2,2,MATCHING,USD,USD,MATCHING,0,,MISMATCH,OTC,,MISMATCH,0,,MISMATCH,901,29,MISMATCH,0,,MISMATCH,104.227,104.227,MATCHING,0,,MISMATCH,0,,MISMATCH,0,,MISMATCH,0,,MISMATCH,,,MATCHING,0,3170000,MISMATCH,N,N,MATCHING,0,,MISMATCH,T,N,MISMATCH,Y,,MISMATCH,Y,,MISMATCH,,,MATCHING,4,4,MATCHING,,,MATCHING,,,MATCHING,,,MATCHING
88706M103,B4ST3S5,TIM HORTONS INC,1,88706M103,B4ST3S5,THI, ,88706M103,88706M103,MATCHING,TIM HORTONS INC,THI,MISMATCH,B4ST3S5,B4ST3S5,MATCHING,,CA88706M1032,MISMATCH,,,MATCHING,THI,THI,MATCHING,CA,CA,MATCHING,,ON,MISMATCH,USD,,MISMATCH,12/31/1899,,MISMATCH,12/31/1899,,MISMATCH,12/31/1899,,MISMATCH,12/31/1899,,MISMATCH,0,,MISMATCH,1,,MISMATCH,USD,USD,MATCHING,0,0.75,MISMATCH,NYS,UN,MISMATCH,158394302,158394302,MATCHING,1,,MISMATCH,0,3.59,MISMATCH,23.162,,MISMATCH,25,25,MATCHING,253010,253010,MATCHING,25301040,25301040,MATCHING,0,,MISMATCH,,,MATCHING,158394302,,MISMATCH,N,,MISMATCH,0,,MISMATCH,T,,MISMATCH,Y,N.A.,MISMATCH,Y,0,MISMATCH,,,MATCHING,,,MATCHING,0,0.68,MISMATCH,,,MATCHING,,,MATCHING
19668QET8,,CO ST SCHS COP,901,19668QET8, ,19668QET8,29,19668QET8,19668QET8,MATCHING,CO ST SCHS COP,19668QET8,MISMATCH,,,MATCHING,US19668QET85,US19668QET85,MATCHING,,,MATCHING,,COSEDU,MISMATCH,US,US,MATCHING,,CO,MISMATCH,USD,,MISMATCH,3/15/2012,3/15/2012,MATCHING,12/31/1899,9/15/2027,MISMATCH,3/15/2028,3/15/2028,MATCHING,12/8/2011,12/8/2011,MATCHING,0,,MISMATCH,2,2,MATCHING,USD,USD,MATCHING,0,,MISMATCH,OTC,,MISMATCH,0,,MISMATCH,901,29,MISMATCH,0,,MISMATCH,107.836,107.836,MATCHING,0,,MISMATCH,0,,MISMATCH,0,,MISMATCH,0,,MISMATCH,,,MATCHING,0,7775000,MISMATCH,N,N,MATCHING,0,,MISMATCH,T,N,MISMATCH,Y,,MISMATCH,Y,,MISMATCH,,,MATCHING,5,5,MATCHING,,,MATCHING,,,MATCHING,,,MATCHING
26442CAM6,,DUKE ENERGY CAROLINAS LLC,901,26442CAM6,B799H27,DUK 4 1/4 12/15/41,5,26442CAM6,26442CAM6,MATCHING,DUKE ENERGY CAROLINAS LLC,DUK 4 1/4 12/15/41,MISMATCH,,B799H27,MISMATCH,US26442CAM64,US26442CAM64,MATCHING,,,MATCHING,,DUK,MISMATCH,US,US,MATCHING,,,MATCHING,USD,USD,MATCHING,6/15/2012,6/15/2012,MATCHING,12/31/1899,6/15/2041,MISMATCH,12/15/2041,12/15/2041,MATCHING,12/8/2011,12/8/2011,MATCHING,0,N,MISMATCH,2,2,MATCHING,USD,USD,MATCHING,0,,MISMATCH,OTC,,MISMATCH,0,,MISMATCH,901,5,MISMATCH,0,N.A.,MISMATCH,99.831,99.831,MATCHING,0,,MISMATCH,0,,MISMATCH,0,,MISMATCH,0,,MISMATCH,,,MATCHING,0,650000000,MISMATCH,N,,MISMATCH,0,,MISMATCH,T,,MISMATCH,Y,,MISMATCH,Y,,MISMATCH,,,MATCHING,4.25,4.25,MATCHING,,,MATCHING,,,MATCHING,,,MATCHING
931142DB6,,WAL-MART STORES INC,901,931142DB6,B654D54,WMT 5 5/8 04/15/41,5,931142DB6,931142DB6,MATCHING,WAL-MART STORES INC,WMT 5 5/8 04/15/41,MISMATCH,,B654D54,MISMATCH,US931142DB66,US931142DB66,MATCHING,,,MATCHING,,WMT,MISMATCH,US,US,MATCHING,,,MATCHING,USD,USD,MATCHING,10/15/2011,10/15/2011,MATCHING,12/31/1899,10/15/2040,MISMATCH,4/15/2041,4/15/2041,MATCHING,4/18/2011,4/18/2011,MATCHING,0,N,MISMATCH,2,2,MATCHING,USD,USD,MATCHING,0,,MISMATCH,OTC,,MISMATCH,0,,MISMATCH,901,5,MISMATCH,0,4.48,MISMATCH,98.084,98.084,MATCHING,0,30,MISMATCH,0,301010,MISMATCH,0,30101040,MISMATCH,0,,MISMATCH,,,MATCHING,0,2000000000,MISMATCH,N,,MISMATCH,0,,MISMATCH,T,,MISMATCH,Y,,MISMATCH,Y,,MISMATCH,,,MATCHING,5.625,5.625,MATCHING,,,MATCHING,,,MATCHING,,,MATCHING
02147GAE4,,CWALT_06-21CB,601,02147GAE4, ,CWALT 2006-21CB A5,104,02147GAE4,02147GAE4,MATCHING,CWALT_06-21CB,CWALT 2006-21CB A5,MISMATCH,,,MATCHING,US02147GAE44,US02147GAE44,MATCHING,,,MATCHING,,CWALT,MISMATCH,US,US,MATCHING,,,MATCHING,USD,,MISMATCH,6/25/2006,6/25/2006,MATCHING,12/31/1899,,MISMATCH,7/25/2036,7/25/2036,MATCHING,5/25/2006,5/25/2006,MATCHING,0,,MISMATCH,12,12,MATCHING,USD,USD,MATCHING,0,N.A.,MISMATCH,OTC,,MISMATCH,0,,MISMATCH,601,104,MISMATCH,0,,MISMATCH,100,,MISMATCH,0,,MISMATCH,0,,MISMATCH,0,,MISMATCH,0,0,MATCHING,,,MATCHING,0,63914126.72,MISMATCH,N,,MISMATCH,0,,MISMATCH,T,,MISMATCH,Y,,MISMATCH,Y,,MISMATCH,,,MATCHING,0.65722,0.65722,MATCHING,,,MATCHING,,,MATCHING,,,MATCHING
12668BRX3,,CWALT_06-6CB,601,12668BRX3, ,CWALT 2006-6CB 1A2,104,12668BRX3,12668BRX3,MATCHING,CWALT_06-6CB,CWALT 2006-6CB 1A2,MISMATCH,,,MATCHING,US12668BRX37,US12668BRX37,MATCHING,,,MATCHING,,CWALT,MISMATCH,US,US,MATCHING,,,MATCHING,USD,,MISMATCH,4/25/2006,4/25/2006,MATCHING,12/31/1899,,MISMATCH,5/25/2036,5/25/2036,MATCHING,3/25/2006,3/25/2006,MATCHING,0,,MISMATCH,12,12,MATCHING,USD,USD,MATCHING,0,N.A.,MISMATCH,OTC,,MISMATCH,0,,MISMATCH,601,104,MISMATCH,0,,MISMATCH,100,,MISMATCH,0,,MISMATCH,0,,MISMATCH,0,,MISMATCH,0,0,MATCHING,,,MATCHING,0,176200918.1,MISMATCH,N,,MISMATCH,0,,MISMATCH,T,,MISMATCH,Y,,MISMATCH,Y,,MISMATCH,,,MATCHING,0.65722,0.65722,MATCHING,,,MATCHING,,,MATCHING,,,MATCHING
32051GSQ9,,FHAMS_05-AA7,601,32051GSQ9,B4PFC01,FHAMS 2005-AA7 2A1,104,32051GSQ9,32051GSQ9,MATCHING,FHAMS_05-AA7,FHAMS 2005-AA7 2A1,MISMATCH,,B4PFC01,MISMATCH,US32051GSQ90,US32051GSQ90,MATCHING,,,MATCHING,,FHAMS,MISMATCH,US,US,MATCHING,,,MATCHING,USD,,MISMATCH,8/1/2005,8/25/2005,MISMATCH,12/31/1899,,MISMATCH,9/25/2035,9/25/2035,MATCHING,7/1/2005,7/1/2005,MATCHING,0,,MISMATCH,12,12,MATCHING,USD,USD,MATCHING,0,N.A.,MISMATCH,OTC,,MISMATCH,0,,MISMATCH,601,104,MISMATCH,0,,MISMATCH,100,,MISMATCH,0,,MISMATCH,0,,MISMATCH,0,,MISMATCH,24,24,MATCHING,,,MATCHING,0,196005031.6,MISMATCH,N,,MISMATCH,0,,MISMATCH,T,,MISMATCH,Y,,MISMATCH,Y,,MISMATCH,,,MATCHING,2.24228,2.24228,MATCHING,,,MATCHING,,,MATCHING,,,MATCHING
3137A65U2,,FHLMC_3792,601,3137A65U2, ,FHR 3792 QC,104,3137A65U2,3137A65U2,MATCHING,FHLMC_3792,FHR 3792 QC,MISMATCH,,,MATCHING,US3137A65U22,US3137A65U22,MATCHING,,,MATCHING,,FHR,MISMATCH,US,US,MATCHING,,,MATCHING,USD,,MISMATCH,2/1/2011,2/15/2011,MISMATCH,6/1/2039,,MISMATCH,6/15/2039,6/15/2039,MATCHING,1/1/2011,1/1/2011,MATCHING,0,,MISMATCH,12,12,MATCHING,USD,USD,MATCHING,0,N.A.,MISMATCH,OTC,,MISMATCH,0,,MISMATCH,601,104,MISMATCH,0,,MISMATCH,100,,MISMATCH,0,,MISMATCH,0,,MISMATCH,0,,MISMATCH,14,14,MATCHING,,,MATCHING,0,51614303.88,MISMATCH,N,,MISMATCH,0,,MISMATCH,T,,MISMATCH,Y,,MISMATCH,Y,,MISMATCH,,,MATCHING,2.5,2.5,MATCHING,,,MATCHING,,,MATCHING,,,MATCHING
125509BT5,B5VZ138,CIGNA CORPORATION,901,125509BT5,B5VZ138,CI 5 3/8 02/15/42,5,125509BT5,125509BT5,MATCHING,CIGNA CORPORATION,CI 5 3/8 02/15/42,MISMATCH,B5VZ138,B5VZ138,MATCHING,US125509BT56,US125509BT56,MATCHING,,,MATCHING,,CI,MISMATCH,US,US,MATCHING,,,MATCHING,USD,USD,MATCHING,2/15/2012,2/15/2012,MATCHING,12/31/1899,8/15/2041,MISMATCH,2/15/2042,2/15/2042,MATCHING,11/10/2011,11/10/2011,MATCHING,0,N,MISMATCH,2,2,MATCHING,USD,USD,MATCHING,0,,MISMATCH,OTC,,MISMATCH,0,,MISMATCH,901,5,MISMATCH,0,4.93,MISMATCH,100,99.934,MISMATCH,0,35,MISMATCH,0,351020,MISMATCH,0,35102030,MISMATCH,0,,MISMATCH,,,MATCHING,0,750000000,MISMATCH,N,,MISMATCH,0,,MISMATCH,T,,MISMATCH,Y,,MISMATCH,Y,,MISMATCH,,,MATCHING,5.375,5.375,MATCHING,,,MATCHING,,,MATCHING,,,MATCHING
832866AW7,,VA SMYTH CNTY,901,832866AW7, ,832866AW7,29,832866AW7,832866AW7,MATCHING,VA SMYTH CNTY,832866AW7,MISMATCH,,,MATCHING,US832866AW76,US832866AW76,MATCHING,,,MATCHING,,SMY,MISMATCH,US,US,MATCHING,,VA,MISMATCH,USD,,MISMATCH,5/1/2012,5/1/2012,MATCHING,12/31/1899,5/1/2031,MISMATCH,11/1/2031,11/1/2031,MATCHING,12/6/2011,12/6/2011,MATCHING,S,,MISMATCH,2,2,MATCHING,USD,USD,MATCHING,0,,MISMATCH,OTC,,MISMATCH,0,,MISMATCH,901,29,MISMATCH,0,,MISMATCH,107.26,107.26,MATCHING,0,,MISMATCH,0,,MISMATCH,0,,MISMATCH,0,,MISMATCH,,,MATCHING,0,8145000,MISMATCH,N,N,MATCHING,0,,MISMATCH,T,N,MISMATCH,Y,,MISMATCH,Y,,MISMATCH,,,MATCHING,5,5,MATCHING,,,MATCHING,,,MATCHING,,,MATCHING
31394X2B1,,FHLMC_2783,601,31394X2B1, ,FHR 2783 JT,104,31394X2B1,31394X2B1,MATCHING,FHLMC_2783,FHR 2783 JT,MISMATCH,,,MATCHING,US31394X2B16,US31394X2B16,MATCHING,,,MATCHING,,FHR,MISMATCH,US,US,MATCHING,,,MATCHING,USD,,MISMATCH,5/1/2004,5/15/2004,MISMATCH,2/1/2022,,MISMATCH,2/15/2022,2/15/2022,MATCHING,4/1/2004,4/1/2004,MATCHING,0,,MISMATCH,12,12,MATCHING,USD,USD,MATCHING,0,N.A.,MISMATCH,OTC,,MISMATCH,0,,MISMATCH,601,104,MISMATCH,0,,MISMATCH,100,,MISMATCH,0,,MISMATCH,0,,MISMATCH,0,,MISMATCH,14,14,MATCHING,,,MATCHING,0,6565643.88,MISMATCH,N,,MISMATCH,0,,MISMATCH,T,,MISMATCH,Y,,MISMATCH,Y,,MISMATCH,,,MATCHING,5,5,MATCHING,,,MATCHING,,,MATCHING,,,MATCHING
187145BC0,,TX CLIFTON HIGHER ED IDEA PUB,901,187145BC0, ,187145BC0,29,187145BC0,187145BC0,MATCHING,TX CLIFTON HIGHER ED IDEA PUB,187145BC0,MISMATCH,,,MATCHING,US187145BC06,US187145BC06,MATCHING,,,MATCHING,,CLIEDU,MISMATCH,US,US,MATCHING,,TX,MISMATCH,USD,,MISMATCH,8/15/2012,8/15/2012,MATCHING,12/31/1899,2/15/2041,MISMATCH,8/1/2041,8/15/2041,MISMATCH,12/8/2011,12/1/2011,MISMATCH,S,,MISMATCH,2,2,MATCHING,USD,USD,MATCHING,0,,MISMATCH,OTC,,MISMATCH,0,,MISMATCH,901,29,MISMATCH,0,,MISMATCH,96.543,96.543,MATCHING,0,,MISMATCH,0,,MISMATCH,0,,MISMATCH,0,,MISMATCH,,,MATCHING,0,14130000,MISMATCH,N,N,MATCHING,0,,MISMATCH,T,N,MISMATCH,Y,,MISMATCH,Y,,MISMATCH,,,MATCHING,5.75,5.75,MATCHING,,,MATCHING,,,MATCHING,,,MATCHING
32051GLS2,,FHAMS_05-AA3,601,32051GLS2, ,FHAMS 2005-AA3 2A1,104,32051GLS2,32051GLS2,MATCHING,FHAMS_05-AA3,FHAMS 2005-AA3 2A1,MISMATCH,,,MATCHING,US32051GLS20,US32051GLS20,MATCHING,,,MATCHING,,FHAMS,MISMATCH,US,US,MATCHING,,,MATCHING,USD,,MISMATCH,4/1/2005,4/25/2005,MISMATCH,12/31/1899,,MISMATCH,5/25/2035,5/25/2035,MATCHING,3/1/2005,3/1/2005,MATCHING,0,,MISMATCH,12,12,MATCHING,USD,USD,MATCHING,0,N.A.,MISMATCH,OTC,,MISMATCH,0,,MISMATCH,601,104,MISMATCH,0,,MISMATCH,100,,MISMATCH,0,,MISMATCH,0,,MISMATCH,0,,MISMATCH,24,24,MATCHING,,,MATCHING,0,15309243.27,MISMATCH,N,,MISMATCH,0,,MISMATCH,T,,MISMATCH,Y,,MISMATCH,Y,,MISMATCH,,,MATCHING,2.259159,2.25916,MISMATCH,,,MATCHING,,,MATCHING,,,MATCHING
38012EAC9,,GMACM_06-HE5,601,38012EAC9,B3D7Y73,GMACM 2006-HE5 2A2,102,38012EAC9,38012EAC9,MATCHING,GMACM_06-HE5,GMACM 2006-HE5 2A2,MISMATCH,,B3D7Y73,MISMATCH,US38012EAC93,US38012EAC93,MATCHING,,,MATCHING,,GMACM,MISMATCH,US,US,MATCHING,,,MATCHING,USD,,MISMATCH,12/25/2006,12/26/2006,MISMATCH,12/31/1899,,MISMATCH,2/25/2037,2/25/2037,MATCHING,11/29/2006,11/29/2006,MATCHING,0,,MISMATCH,12,12,MATCHING,USD,USD,MATCHING,0,N.A.,MISMATCH,OTC,,MISMATCH,0,,MISMATCH,601,102,MISMATCH,0,,MISMATCH,100,,MISMATCH,0,,MISMATCH,0,,MISMATCH,0,,MISMATCH,0,0,MATCHING,,,MATCHING,0,149592534.8,MISMATCH,N,,MISMATCH,0,,MISMATCH,T,,MISMATCH,Y,,MISMATCH,Y,,MISMATCH,,,MATCHING,0.41722,0.41722,MATCHING,,,MATCHING,,,MATCHING,,,MATCHING
121579AG1,,BURLINGTON COAT FACTORY WAREHO,901,121579AG1,B75ZF47,BCFACT 10 02/15/19,5,121579AG1,121579AG1,MATCHING,BURLINGTON COAT FACTORY WAREHO,BCFACT 10 02/15/19,MISMATCH,,B75ZF47,MISMATCH,US121579AG15,US121579AG15,MATCHING,,,MATCHING,,BCFACT,MISMATCH,US,US,MATCHING,,,MATCHING,USD,USD,MATCHING,2/15/2012,2/15/2012,MATCHING,12/31/1899,8/15/2018,MISMATCH,2/15/2019,2/15/2019,MATCHING,8/15/2011,12/2/2011,MISMATCH,0,N,MISMATCH,2,2,MATCHING,USD,USD,MATCHING,0,,MISMATCH,OTC,,MISMATCH,0,,MISMATCH,901,5,MISMATCH,0,0.592,MISMATCH,100,,MISMATCH,0,,MISMATCH,0,,MISMATCH,0,,MISMATCH,0,,MISMATCH,,,MATCHING,0,450000000,MISMATCH,N,,MISMATCH,0,,MISMATCH,T,,MISMATCH,Y,,MISMATCH,Y,,MISMATCH,,,MATCHING,10,10,MATCHING,,,MATCHING,,,MATCHING,,,MATCHING
57420PFK7,,MARYLAND ST ECON DEV CORP LEAS,901,57420PFK7, ,57420PFK7,29,57420PFK7,57420PFK7,MATCHING,MARYLAND ST ECON DEV CORP LEAS,57420PFK7,MISMATCH,,,MATCHING,US57420PFK75,US57420PFK75,MATCHING,,,MATCHING,,MDSDEV,MISMATCH,US,US,MATCHING,,MD,MISMATCH,USD,,MISMATCH,6/1/2012,6/1/2012,MATCHING,12/31/1899,12/1/2013,MISMATCH,6/1/2014,6/1/2014,MATCHING,12/8/2011,12/8/2011,MATCHING,0,,MISMATCH,2,2,MATCHING,USD,USD,MATCHING,0,,MISMATCH,OTC,,MISMATCH,0,,MISMATCH,901,29,MISMATCH,0,,MISMATCH,110.295,110.295,MATCHING,0,,MISMATCH,0,,MISMATCH,0,,MISMATCH,0,,MISMATCH,,,MATCHING,0,6200000,MISMATCH,N,N,MATCHING,0,,MISMATCH,T,N,MISMATCH,Y,,MISMATCH,Y,,MISMATCH,,,MATCHING,5,5,MATCHING,,,MATCHING,,,MATCHING,,,MATCHING
912828MD9,,TREASURY NOTE,503,912828MD9,B5M13M8,T 3 1/4 12/31/16,1,912828MD9,912828MD9,MATCHING,TREASURY NOTE,T 3 1/4 12/31/16,MISMATCH,,B5M13M8,MISMATCH,US912828MD98,US912828MD98,MATCHING,,,MATCHING,,T,MISMATCH,US,US,MATCHING,,,MATCHING,USD,USD,MATCHING,6/30/2010,6/30/2010,MATCHING,12/31/1899,6/30/2016,MISMATCH,12/31/2016,12/31/2016,MATCHING,12/31/2009,12/31/2009,MATCHING,0,,MISMATCH,2,2,MATCHING,USD,USD,MATCHING,0,,MISMATCH,OTC,,MISMATCH,0,,MISMATCH,503,1,MISMATCH,0,,MISMATCH,99.411,99.411474,MISMATCH,0,,MISMATCH,0,,MISMATCH,0,,MISMATCH,0,,MISMATCH,,,MATCHING,0,32948000000,MISMATCH,N,,MISMATCH,0,,MISMATCH,T,,MISMATCH,Y,,MISMATCH,Y,,MISMATCH,,,MATCHING,3.25,3.25,MATCHING,,,MATCHING,,,MATCHING,,,MATCHING
3133XVNT4,B57JLR8,FHLB,503,3133XVNT4,B57JLR8,FHLB 1 3/4 12/14/12,5,3133XVNT4,3133XVNT4,MATCHING,FHLB,FHLB 1 3/4 12/14/12,MISMATCH,B57JLR8,B57JLR8,MATCHING,US3133XVNT42,US3133XVNT42,MATCHING,,,MATCHING,,FHLB,MISMATCH,US,US,MATCHING,,,MATCHING,USD,USD,MATCHING,6/14/2010,6/14/2010,MATCHING,12/31/1899,6/14/2012,MISMATCH,12/14/2012,12/14/2012,MATCHING,11/4/2009,11/4/2009,MATCHING,0,N,MISMATCH,2,2,MATCHING,USD,USD,MATCHING,0,,MISMATCH,OTC,,MISMATCH,0,,MISMATCH,503,5,MISMATCH,0,N.A.,MISMATCH,99.842302,100,MISMATCH,0,,MISMATCH,0,,MISMATCH,0,,MISMATCH,0,,MISMATCH,,,MATCHING,0,3784700000,MISMATCH,N,,MISMATCH,0,,MISMATCH,T,,MISMATCH,Y,,MISMATCH,Y,,MISMATCH,,,MATCHING,1.75,1.75,MATCHING,,,MATCHING,,,MATCHING,,,MATCHING
74734M109,B4MWN57,QIHOO 360 TECHNOLOGY CO-ADR,1,74734M109,B4MWN57,QIHU, ,74734M109,74734M109,MATCHING,QIHOO 360 TECHNOLOGY CO-ADR,QIHU,MISMATCH,B4MWN57,B4MWN57,MATCHING,US74734M1099,US74734M1099,MATCHING,,,MATCHING,QIHU,QIHU,MATCHING,CN,CN,MATCHING,,,MATCHING,USD,,MISMATCH,12/31/1899,,MISMATCH,12/31/1899,,MISMATCH,12/31/1899,,MISMATCH,12/31/1899,,MISMATCH,0,,MISMATCH,1,,MISMATCH,USD,USD,MATCHING,0,N.A.,MISMATCH,NYS,UN,MISMATCH,36038400,36038400,MATCHING,1,,MISMATCH,0,0.05,MISMATCH,14.5,,MISMATCH,45,45,MATCHING,451010,451010,MATCHING,45101010,45101010,MATCHING,0,,MISMATCH,,,MATCHING,36038400,,MISMATCH,N,,MISMATCH,0,,MISMATCH,T,,MISMATCH,Y,N.A.,MISMATCH,Y,0,MISMATCH,,,MATCHING,,,MATCHING,0,,MISMATCH,,,MATCHING,,,MATCHING
